{
    "AnatomicalLandmarkCoordinates": {
        "LPA": [
            187.38806949465342,
            126.4794381609776,
            110.21906622844273
        ],
        "NAS": [
            134.09979315512624,
            131.2517873282091,
            198.17987301285575
        ],
        "RPA": [
            67.90657221925643,
            135.55480999070286,
            119.5157060911317
        ]
    }
}
