{
    "AnatomicalLandmarkCoordinates": {
        "LPA": [
            201.28802777736632,
            138.01130175674507,
            114.25113346250426
        ],
        "NAS": [
            136.64371499557484,
            133.75451102801284,
            206.01596852729807
        ],
        "RPA": [
            66.21331893931074,
            154.4195556135228,
            122.89721440628887
        ]
    }
}
