{
    "AnatomicalLandmarkCoordinates": {
        "LPA": [
            186.60275009119079,
            147.97058246264444,
            106.09506404536239
        ],
        "NAS": [
            136.7165815431884,
            149.85323486783716,
            197.6349463284501
        ],
        "RPA": [
            65.51410794688397,
            138.00868332370538,
            121.67194569317661
        ]
    }
}
