{
    "AnatomicalLandmarkCoordinates": {
        "LPA": [
            192.31809154611852,
            152.98020117756806,
            120.45569075847123
        ],
        "NAS": [
            125.68724341646467,
            152.49809222820997,
            210.7257974450533
        ],
        "RPA": [
            68.62881520121137,
            157.9593890542188,
            117.31923211375958
        ]
    }
}
