{
    "AnatomicalLandmarkCoordinates": {
        "LPA": [
            189.92835931644035,
            149.7191447592337,
            114.2190348344345
        ],
        "NAS": [
            119.53164886621029,
            152.08841773577183,
            197.20501861216354
        ],
        "RPA": [
            64.03532960975808,
            142.0651011492078,
            110.81323552726678
        ]
    }
}
