{
    "AnatomicalLandmarkCoordinates": {
        "LPA": [
            192.66829986877877,
            141.78573793736982,
            110.36321496120647
        ],
        "NAS": [
            134.8770466865582,
            139.1358789069994,
            195.46565037907095
        ],
        "RPA": [
            70.03190340030562,
            144.90634481463727,
            112.8878220017155
        ]
    }
}
