{
    "AnatomicalLandmarkCoordinates": {
        "LPA": [
            180.11207205959005,
            151.59016743343494,
            108.53863779846104
        ],
        "NAS": [
            131.10058776940514,
            138.22529648986995,
            194.31588253128152
        ],
        "RPA": [
            64.6976535610313,
            139.14534606829528,
            116.72503918402016
        ]
    }
}
