{
    "AnatomicalLandmarkCoordinates": {
        "LPA": [
            184.2437321069569,
            139.8166984917484,
            123.86422305385578
        ],
        "NAS": [
            126.07730925938978,
            147.28782569107338,
            201.06203399722216
        ],
        "RPA": [
            64.49743367816615,
            139.82169608684964,
            122.05663651595694
        ]
    }
}
