{
    "AnatomicalLandmarkCoordinates": {
        "LPA": [
            195.53005549749412,
            144.3308478379789,
            115.58855941107909
        ],
        "NAS": [
            126.72719644232319,
            155.30755844821343,
            197.13612861451296
        ],
        "RPA": [
            65.91073992345727,
            150.02263679584382,
            110.78050476926407
        ]
    }
}
