{
    "AnatomicalLandmarkCoordinates": {
        "LPA": [
            185.41338626249504,
            157.22974209437305,
            113.41740443873115
        ],
        "NAS": [
            129.07635049484688,
            156.11564019231935,
            199.095543879847
        ],
        "RPA": [
            64.8912771605866,
            139.78743112480066,
            120.51583511686181
        ]
    }
}
