{
    "AnatomicalLandmarkCoordinates": {
        "LPA": [
            187.1447081844283,
            144.78511954835983,
            115.03377536384343
        ],
        "NAS": [
            128.39035393725686,
            146.67888894198822,
            200.25676641603695
        ],
        "RPA": [
            67.67281742369079,
            145.4447985742418,
            114.26023133183391
        ]
    }
}
