{
    "AnatomicalLandmarkCoordinates": {
        "LPA": [
            191.10406492122922,
            147.76256579126095,
            114.07976446394684
        ],
        "NAS": [
            121.64260573881214,
            160.26354862638843,
            190.45761601561264
        ],
        "RPA": [
            66.77531680615782,
            148.9178768219254,
            105.09573075450318
        ]
    }
}
