{
    "AnatomicalLandmarkCoordinates": {
        "LPA": [
            190.24854042784412,
            153.73638881304402,
            121.72848008600006
        ],
        "NAS": [
            123.1071828884525,
            143.7330351176082,
            208.69904097145564
        ],
        "RPA": [
            64.67248904562867,
            147.71482677932605,
            114.55790044255637
        ]
    }
}
