{
    "AnatomicalLandmarkCoordinates": {
        "LPA": [
            192.95532224783057,
            133.7910644751494,
            117.60507579379548
        ],
        "NAS": [
            127.34634795699967,
            144.9770929465088,
            200.700040442526
        ],
        "RPA": [
            72.07684059809982,
            148.55428438803636,
            108.30224336038941
        ]
    }
}
