{
    "AnatomicalLandmarkCoordinates": {
        "LPA": [
            189.47413074416744,
            147.6098064828991,
            123.3873485560008
        ],
        "NAS": [
            124.38842818439481,
            140.2031723188235,
            201.8649071907109
        ],
        "RPA": [
            65.0604138491359,
            142.50837572755978,
            120.86707052440256
        ]
    }
}
