{
    "AnatomicalLandmarkCoordinates": {
        "LPA": [
            189.705745799721,
            133.39327598437748,
            112.01183171781526
        ],
        "NAS": [
            136.60397793325083,
            153.46535670352404,
            200.52005047577507
        ],
        "RPA": [
            69.33875459300222,
            151.05084456388872,
            119.56028005440122
        ]
    }
}
