{
    "AnatomicalLandmarkCoordinates": {
        "LPA": [
            185.19621164532168,
            148.88494993148015,
            124.70938550729171
        ],
        "NAS": [
            123.10461566840958,
            132.64561337153515,
            202.35683767095955
        ],
        "RPA": [
            62.28562551589201,
            143.50711335802916,
            121.47130707408242
        ]
    }
}
