{
    "AnatomicalLandmarkCoordinates": {
        "LPA": [
            185.6873003425371,
            157.90902576942628,
            108.87488001327881
        ],
        "NAS": [
            129.72490009641618,
            152.94298965349748,
            202.70229026486874
        ],
        "RPA": [
            62.40888236307218,
            146.89509393279462,
            118.90093978771105
        ]
    }
}
