{
    "AnatomicalLandmarkCoordinates": {
        "LPA": [
            189.88300331424003,
            142.05579969462187,
            102.83903759057014
        ],
        "NAS": [
            143.39819012224444,
            140.1261669389625,
            197.19594208609888
        ],
        "RPA": [
            62.38874399103156,
            140.38842382344586,
            124.06759454959462
        ]
    }
}
