{
    "AnatomicalLandmarkCoordinates": {
        "LPA": [
            188.31810361660655,
            158.4482718129304,
            109.29375657168255
        ],
        "NAS": [
            136.75396961758267,
            170.16534899204817,
            198.43920385925884
        ],
        "RPA": [
            64.94127278888034,
            156.67387410043548,
            119.9286028003265
        ]
    }
}
