{
    "AnatomicalLandmarkCoordinates": {
        "LPA": [
            194.56603437202247,
            139.30903896744084,
            119.35960603342684
        ],
        "NAS": [
            125.41702059941983,
            157.3902192397532,
            199.72220937891117
        ],
        "RPA": [
            73.01599907003498,
            151.00570630733733,
            106.62572224678979
        ]
    }
}
