{
    "AnatomicalLandmarkCoordinates": {
        "LPA": [
            194.97705998250458,
            171.58714253662347,
            121.5708910096732
        ],
        "NAS": [
            121.08161134202045,
            183.91008182839636,
            194.2199050449555
        ],
        "RPA": [
            71.45319551517281,
            178.9636661796483,
            99.4460806722168
        ]
    }
}
