{
    "AnatomicalLandmarkCoordinates": {
        "LPA": [
            188.1031762705853,
            149.58049199781158,
            114.76628017176287
        ],
        "NAS": [
            128.01717728345852,
            138.0602091499195,
            202.35328562798162
        ],
        "RPA": [
            64.55187929041765,
            142.28779861096277,
            117.8685118132422
        ]
    }
}
