{
    "AnatomicalLandmarkCoordinates": {
        "LPA": [
            187.54974867573952,
            146.65203626065906,
            120.7136723067014
        ],
        "NAS": [
            140.00476952954304,
            148.00551614649154,
            206.21002710620286
        ],
        "RPA": [
            71.19961853910894,
            147.95399981261124,
            134.6639992558068
        ]
    }
}
