{
    "AnatomicalLandmarkCoordinates": {
        "LPA": [
            193.55306288920207,
            158.9908389594435,
            110.09894214038371
        ],
        "NAS": [
            123.84877504995232,
            152.93312808233023,
            194.7729594365855
        ],
        "RPA": [
            67.5588108003227,
            155.09597976119474,
            99.33222474448625
        ]
    }
}
